Name,SSN,City,State,PostalCode,Phone,DOB,Email,Title,Genre,Premiere,Runtime,IMDB Score,Language
Kelly Lowe,830-57-2932,Lynchview,AK,56507,783-369-4300x28657,1999-07-12,johnsonkayla@example.org,I East Animal,Romance,"April 12, 2022",131,1.8,Italian
Peter Santiago,198-79-6476,Port Lori,MA,40319,315-047-7719,1920-05-26,crystaljackson@example.net,Evening Involve Enough,Documentary,"January 04, 2020",113,4.0,English
Heidi Smith,728-64-2295,Port Lauren,RI,45280,092-753-9044,1987-04-23,lauren74@example.com,Policy Late Road,Documentary,"January 17, 2022",59,2.7,Chinese
Jonathan Richardson,587-90-5556,West Wendy,HI,19025,001-166-362-1441x025,2007-05-26,justinallen@example.com,Film Budget Paper,Mystery,"August 15, 2020",64,2.6,Japanese
David Little,315-94-4607,Johnsonfurt,WY,80217,077-041-5449x76933,1995-10-25,christopher25@example.com,Wall North Agreement,Action,"November 14, 2020",69,2.3,Chinese
Tiffany Pratt,192-36-6158,East Connie,VA,48637,521-226-8681x84350,1988-09-18,edward99@example.com,Thank Choice Gun,Documentary,"January 26, 2022",133,1.0,Hindi
Jennifer Long,491-57-8772,Curryville,SC,04597,(797)692-2687x52891,1918-10-16,mary26@example.com,Strong Begin Consider,Comedy,"May 29, 2021",119,3.1,Chinese
Julie Sharp,243-02-9131,New Jeanette,WV,94620,754-160-7711,2015-06-30,dwashington@example.net,Change Smile Home,Action,"April 30, 2022",113,1.1,Chinese
Kayla Johnson,796-05-0216,East Neil,LA,83359,001-778-997-0476x377,1984-07-07,karenoneal@example.com,Tend Throughout Poor,Action,"February 24, 2020",96,4.3,Chinese
Blake Garcia,075-02-8373,North Jeffrey,NJ,08333,695.692.8912x391,1974-09-29,gonzalezdonna@example.org,Before Exactly Certain,Thriller,"December 18, 2020",145,4.3,Hindi
Tina Ramos,251-76-5273,Rodneyshire,CT,96767,+1-936-142-7472,1985-07-26,jasonsullivan@example.com,Education Lose Program,Mystery,"June 04, 2022",116,5.0,Japanese
Louis Ross,219-95-8496,Harpertown,ND,68220,223.385.7119x377,1907-05-04,mccoyphillip@example.org,Near Table Since,Comedy,"May 17, 2021",129,2.8,Hindi
Anthony Murray,513-78-8646,Mariaburgh,KS,81154,001-039-027-5546,1968-11-18,vgarrison@example.org,Him Edge Stand,Horror,"May 17, 2022",51,4.4,Spanish
Richard Taylor,492-42-6666,West Julian,IA,43549,(876)149-7923,1932-08-19,donnagordon@example.org,Ago Could Late,Mystery,"June 27, 2022",53,4.0,Hindi
Robert Ramsey,708-72-9600,North Evelynchester,IA,11234,373-607-9806x775,1995-01-27,brian07@example.net,Little Stage Benefit,Comedy,"January 18, 2020",69,4.8,Spanish
Paul Parker,473-70-7684,New Eric,NC,78361,025.453.7828x84040,1921-10-04,michelleschmidt@example.net,West Point Life,Horror,"December 24, 2020",80,4.0,English
Timothy Nicholson,521-31-8599,Port Johnton,CO,59854,+1-228-899-4503x031,1912-08-14,tpalmer@example.com,Among Everything Firm,Drama,"September 25, 2022",62,4.4,Hindi
Shirley Tucker,607-31-7166,North Victoriachester,VA,47391,001-950-281-2468x31288,1927-08-26,elizabeth94@example.com,Low Pattern Three,Comedy,"June 19, 2022",68,3.3,Chinese
Charles Hernandez,313-80-0158,North Tiffany,MN,56387,919.224.1099x658,1957-12-22,chavezmary@example.org,Happy Fish Present,Romance,"October 08, 2021",77,3.0,Hindi
Frank Day,489-17-1335,Smithland,MA,77791,792.359.7057,2002-07-03,hillanna@example.com,Treatment Alone Result,Documentary,"December 24, 2020",62,3.3,Hindi
Emily Bell,879-53-6122,South Travis,DE,82159,001-994-130-2392x24332,1944-08-09,elizabethdominguez@example.net,Teacher Drop Be,Documentary,"March 28, 2020",146,3.9,Japanese
Adrienne Lane,473-47-7001,Garyport,RI,67420,465-791-3123x07805,2021-09-28,mariasteele@example.com,Likely Heavy Why,Romance,"April 22, 2020",113,1.0,Italian
Bethany Hardy,098-22-7629,Richardstad,VT,76424,001-193-471-1904x6827,1970-08-27,bmurray@example.net,Floor Understand Since,Drama,"May 29, 2021",67,1.9,Italian
Jennifer Smith,548-63-7997,Jamietown,SC,40096,(584)636-2760x809,1980-09-25,randy13@example.net,Explain Receive Again,Documentary,"February 16, 2021",142,1.5,Chinese
Tamara Davis,032-57-9462,Sandraview,TX,88246,7257556732,2008-09-07,carrie67@example.org,Direction Hard Attention,Comedy,"June 20, 2021",137,3.7,English
Cameron Guzman,803-99-0649,Kelseyburgh,LA,58136,972.154.0152,2018-11-18,qpatterson@example.net,Between Story Go,Comedy,"June 01, 2022",120,1.2,Spanish
Charles Turner,100-96-2275,Lake Maryborough,AZ,64561,001-621-918-7055,1990-01-03,jennifermacdonald@example.com,Way Sure Rich,Comedy,"August 29, 2020",99,2.4,English
Zachary Gonzales,287-58-5034,North Erinville,NY,90129,001-491-747-5970x7050,2022-03-22,ttaylor@example.net,Trial Test Travel,Thriller,"August 29, 2022",126,5.0,Japanese
Paul Garrett,438-78-3094,Michaelport,GA,47708,+1-888-821-1742,2010-04-23,lynchsamantha@example.com,Sure Send Rich,Drama,"January 05, 2021",91,4.9,Italian
Nancy Sweeney,632-57-8553,Williamshaven,GA,63506,(195)877-7951x4367,1949-11-05,bmcmillan@example.net,American Response Seek,Romance,"June 12, 2021",69,2.4,English
Dominique Grimes,129-20-1822,North Heather,MN,45416,+1-711-248-6520x994,1921-05-04,aeverett@example.org,Far Recognize Bed,Drama,"March 02, 2021",63,1.7,Japanese
Kevin Sanchez,025-82-5595,Port Angelaside,NC,02952,001-768-403-5686,1929-11-25,lindagarrett@example.org,Agency Radio Employee,Action,"October 18, 2021",75,3.0,Japanese
Alexander Smith,107-35-4464,Theresahaven,KY,19697,+1-231-065-8203,2020-05-12,tuckerkimberly@example.net,Age Quality Industry,Documentary,"May 24, 2021",145,3.6,Hindi
Casey Hill,742-47-3299,Lake Claudia,GA,94426,+1-983-414-2167x6650,1922-03-07,rbrown@example.org,Last Beautiful Event,Drama,"April 22, 2021",146,4.2,Chinese
Kevin May,018-97-7613,West Haroldshire,MO,16674,636-033-2855x090,1997-12-21,matthewharris@example.org,Significant Reach Professor,Mystery,"December 30, 2021",147,4.5,Chinese
Thomas Anthony,595-94-4210,Port Ericside,AL,60173,001-102-155-7087x4573,1986-03-21,owheeler@example.com,Affect Store Idea,Mystery,"December 31, 2020",149,1.6,Chinese
Jesse Gray,513-75-2399,New Anna,NM,17004,001-476-998-6667x618,1971-09-30,karalopez@example.net,History Beat Prevent,Comedy,"June 20, 2020",123,1.1,English
Victoria Yang,887-69-1846,Nathanielstad,CT,64043,001-758-092-6505x44524,2017-03-17,ajohnson@example.com,Beautiful Ask Company,Drama,"September 17, 2020",143,4.1,Japanese
Justin Hernandez,635-60-5881,Skinnertown,AL,17076,469-842-9669,1948-03-14,susan29@example.com,Ask Affect Throw,Drama,"November 23, 2020",123,1.9,Italian
Courtney Jones,698-03-2692,Palmerton,MD,42448,583.067.8813x5529,1943-05-14,djones@example.net,Environmental Remain Leave,Horror,"April 30, 2021",66,4.9,Spanish
Joseph Singh,473-54-1535,Jerrymouth,IN,53492,5709850433,2017-02-24,enewton@example.com,Boy Own Should,Horror,"January 06, 2021",124,3.9,English
Kayla Lopez,869-88-3761,New Gregoryside,SD,21478,+1-579-772-9334x499,1947-05-18,fjohnson@example.org,Name Large Today,Thriller,"August 16, 2022",71,3.3,Hindi
Frances Riley,449-22-4632,Henryfort,MS,32092,001-946-863-5231x169,1994-06-03,ucurry@example.org,Stop Investment Cause,Thriller,"August 14, 2022",106,4.0,Chinese
Dr. Melissa Travis MD,064-32-4946,Woodwardstad,CO,75993,(122)006-7412x7326,1968-03-06,nsmith@example.net,Environmental Worry Up,Drama,"September 23, 2020",146,4.7,English
Sara Ellis,428-02-8797,North Erica,OH,74997,(764)883-5117x71815,1923-05-02,james73@example.org,Short Interest Now,Mystery,"January 31, 2020",111,2.5,Japanese
Patricia Hall,851-99-9858,Lake Kelsey,CO,22854,544-847-4762x279,1969-07-25,brownsandra@example.net,Perform Important Expect,Thriller,"September 21, 2022",81,3.8,Hindi
Edward Schultz,689-07-9367,Rogermouth,TN,04602,416.863.7386,1947-08-01,janetsweeney@example.com,Door Change Treat,Action,"June 24, 2020",60,3.6,Spanish
Peggy Prince,562-42-9859,South Alexandertown,IN,94607,(358)979-9516x02241,1999-03-27,alicia98@example.net,Person Some President,Romance,"January 09, 2020",90,4.4,Japanese
John Davenport,823-59-4111,South Nathantown,AL,13317,+1-044-347-7924x63477,1982-07-07,qbryan@example.net,Behind Story Help,Romance,"November 08, 2022",54,4.6,Chinese
Henry Williams,441-36-4908,Ethanburgh,DE,13314,001-300-786-7023x0835,1997-04-05,ashleysawyer@example.com,Including Hard Parent,Thriller,"January 15, 2022",121,2.3,English
Marissa Smith,365-43-2645,Dannyfort,MO,01887,825.637.9393x84807,1945-08-03,jenniferstokes@example.org,Wear Wait Article,Action,"December 18, 2020",118,3.4,Italian
Walter Hammond,286-77-8025,Kinghaven,IN,41623,(077)719-2708x47601,1951-07-22,ronaldtrevino@example.org,Long Somebody Peace,Thriller,"December 05, 2021",93,3.6,Italian
David Barr,627-27-5844,Johnsonshire,WY,22246,629.888.2954x01048,1985-03-19,marcus62@example.net,Consider Individual Red,Horror,"March 14, 2020",65,2.7,English
Andrew Mitchell,189-03-2720,North Gabriela,MS,29431,418-536-9282x496,1932-04-06,ajenkins@example.com,Participant Republican Nothing,Action,"November 01, 2020",129,3.4,Japanese
Timothy Wang,500-83-3544,Adrianport,ME,21940,141-562-8356,2001-11-16,chelsea30@example.net,Throw Remember Start,Horror,"February 19, 2022",110,2.9,English
Linda Johnson,674-63-7206,West Kayla,DE,60595,(246)851-1601,2001-05-30,tsolomon@example.net,Lay Capital Usually,Drama,"September 15, 2022",100,1.7,Chinese
Heather Ewing,791-22-9577,Brandytown,VA,38608,(736)228-3725,1929-07-21,christineturner@example.org,Reality Situation Then,Romance,"January 01, 2021",110,4.2,Chinese
Taylor Patterson,818-61-7269,Davisside,MT,03602,001-787-536-7855,1940-08-13,baxtermichael@example.com,Purpose Onto Smile,Comedy,"June 22, 2020",78,3.9,Spanish
Jacob Adkins,331-12-9896,West Michaelfort,NV,15188,571.119.3957,1980-11-30,whiteshelia@example.com,Course Environment It,Action,"November 04, 2020",133,3.0,Chinese
Alexander Meyer,821-73-6914,Dannymouth,IN,49226,(067)446-5265x90850,1953-03-04,emily35@example.com,Sit Fly Risk,Romance,"September 23, 2022",126,4.1,English
Aaron Graham,691-38-5369,New Savannah,SC,27787,264.708.8398x586,1954-05-26,andreanichols@example.org,Our North Catch,Thriller,"January 08, 2022",76,2.4,Japanese
Jeffrey Henry,132-01-2837,North Debrachester,KY,73085,+1-614-814-0520,1934-01-23,collinsjamie@example.org,Find Section Above,Action,"May 23, 2020",57,4.8,English
William Gonzalez,841-37-6683,South Shannon,ME,10380,+1-682-357-9542,1964-11-22,jameswhitehead@example.com,Social Forget Choice,Action,"August 22, 2021",149,1.5,English
Tammy Rodriguez,274-44-3018,South Travis,WA,81255,048.738.0110x853,2011-09-10,pattersonrobert@example.net,Right Effect Show,Documentary,"August 02, 2022",103,4.6,Italian
Jonathan Williams,339-78-3262,East Williamborough,IA,04111,+1-833-730-5944x6118,1989-07-02,kelsey59@example.net,Air First Say,Horror,"January 07, 2022",81,1.1,Italian
Christina Wheeler,197-20-5771,Emilyville,NM,40330,001-969-497-4991x041,1935-06-14,annahendrix@example.org,School Indeed Among,Mystery,"January 01, 2020",135,3.2,Chinese
Joseph Deleon,548-56-3297,Christineberg,MN,30475,837.973.2389,1938-07-18,vallen@example.com,Prevent Toward Onto,Comedy,"December 13, 2021",123,3.0,Spanish
Miss Gina Lawson,232-77-5391,North April,NC,06621,(102)645-4527x41885,1910-03-27,lauren80@example.net,Garden World Everybody,Romance,"May 21, 2021",117,4.3,Spanish
Laura Cherry,099-33-7563,Schultzhaven,IN,77437,(958)025-9150,1981-11-26,owilkinson@example.org,Behavior Upon While,Drama,"January 23, 2022",124,4.3,Italian
Krista Randall,453-27-7625,New Michelleshire,HI,26653,504.915.3517,1978-01-07,cdunn@example.org,Employee Course Sometimes,Documentary,"April 08, 2021",93,3.3,Hindi
Gina Mills,256-95-8245,Christensenberg,KS,97365,026-049-3203x7019,2014-03-10,daysteven@example.net,Home Degree Event,Mystery,"March 03, 2020",90,4.4,English
Michael Howe,109-30-5913,Marthaville,HI,44149,844-249-5570x857,1940-08-18,williamperry@example.net,Summer Direction If,Action,"May 28, 2021",135,1.1,Japanese
Jesus Jackson,588-62-5397,Mcgeeland,OR,36221,016.539.6161x70820,1994-08-24,yholloway@example.net,Tell Land Many,Action,"October 07, 2020",70,4.0,Chinese
Kathy Palmer,611-30-6257,Laurafurt,TN,04505,(470)967-7158x854,1994-10-18,michaelsanford@example.com,Near Trouble Control,Action,"June 03, 2022",123,2.1,Spanish
Taylor Daniel,846-85-5738,Thomasborough,MS,24771,462.082.9830,2010-11-14,wilcoxlauren@example.com,Drive Risk Traditional,Action,"November 04, 2022",148,2.6,Spanish
Stephanie Mercado,119-36-2736,East Katie,NH,70299,2569476098,2006-09-06,avilaaustin@example.com,Indeed Child Education,Comedy,"June 16, 2020",129,4.4,Chinese
Elizabeth Hodge,308-56-5167,Jamesside,HI,47539,001-252-339-8483x871,1963-05-29,thomasevan@example.com,Realize Room Wife,Horror,"March 31, 2021",59,3.5,Spanish
Ana Smith,371-60-3799,Smithchester,TX,48400,156.732.5004,1997-05-25,rogersrobert@example.net,Media Environmental Might,Mystery,"July 31, 2021",73,1.8,Spanish
Matthew Hunt,515-15-1464,North Joshuaport,ID,07521,001-911-023-9098x58029,1959-02-24,phaynes@example.com,Congress Agency Take,Action,"May 25, 2020",90,3.5,Hindi
Danielle Gonzalez,684-17-6482,Carsonmouth,NH,59168,361.576.6344x641,2006-03-08,gonzalezedward@example.net,Purpose Rather Gun,Drama,"March 29, 2022",71,2.6,Spanish
Michelle Mcgee,514-34-2365,Bryanbury,FL,60347,(599)308-0205,2017-02-07,gsexton@example.net,Learn Bad Reach,Documentary,"April 19, 2022",93,3.4,English
Tyler Li,727-71-7715,Reynoldsfort,WI,40028,974.060.0477,1940-04-19,cheryl62@example.net,Final Material Call,Horror,"February 01, 2022",145,2.5,Spanish
Luis Moore,444-33-4463,New Donna,CT,25463,001-765-029-7396x5920,2003-12-29,justin33@example.org,Fill Ground Condition,Romance,"August 19, 2022",126,3.4,Japanese
John Arnold,364-28-6899,Riveraton,KS,74216,813-532-9013,1977-09-05,scott77@example.org,Maintain Suffer Night,Mystery,"February 07, 2022",125,1.5,Japanese
Heather Lewis,720-36-3225,North Cynthia,HI,99073,+1-371-847-2093x668,2003-11-21,vincentcallahan@example.com,Someone Case Thank,Horror,"May 11, 2020",137,3.1,Hindi
James Jackson,852-96-4368,East Martha,OK,20968,001-194-353-6714x73049,1910-08-25,williamsadam@example.com,Military According Employee,Comedy,"July 12, 2021",53,3.0,Italian
Scott Ford,318-75-2487,West Meghan,NV,47504,001-785-055-3708,1944-07-20,mirandajohn@example.org,Miss Trade It,Horror,"July 26, 2020",135,2.0,Japanese
Nicole Lowery PhD,782-65-4768,Glennbury,AK,77768,175-649-9813x456,2000-06-06,zowen@example.net,Whatever Behind End,Comedy,"February 20, 2020",139,1.3,Italian
Mark Cordova,065-59-8281,New Timothyfurt,VT,63839,+1-188-446-9284,2016-03-22,lauriefarmer@example.net,Light Ability Some,Action,"November 18, 2020",99,4.5,Italian
Daniel Murillo,754-55-4467,Port Sandramouth,OH,62087,702.546.7588x72460,1912-03-24,stacey34@example.com,Job Test Kid,Comedy,"February 22, 2022",136,2.4,Hindi
Katherine Kramer,042-50-2007,Port Georgeberg,DE,47243,001-802-554-0805x2667,1940-11-14,smithgabriela@example.com,Wrong Upon Would,Comedy,"May 04, 2022",58,2.7,Chinese
Anthony Hester,592-10-0696,Davisfurt,NC,54445,(222)502-9426x700,1968-06-29,cbrown@example.org,Finish Street What,Drama,"September 16, 2022",77,4.0,Hindi
Kim Davis,369-30-0420,New Debra,CA,92258,218.955.5008,1946-03-19,hflores@example.com,Source Quality Community,Documentary,"August 16, 2022",122,2.4,English
Sarah Young MD,053-77-1872,South Marcusbury,CO,58399,725-982-6642,1940-03-22,david28@example.com,Feeling Strategy From,Documentary,"March 07, 2021",56,3.5,Chinese
Robert Garner,646-01-6206,Hernandezmouth,AZ,60072,+1-874-158-6308x08011,1962-10-20,davidjackson@example.com,Since Increase Become,Documentary,"September 10, 2020",120,3.1,Japanese
Matthew Weiss,568-79-3861,Joshuaview,NY,02665,001-479-835-7172x64552,1946-10-28,bridget94@example.net,Prove Better Meet,Action,"December 19, 2021",97,4.9,Hindi
Jacob Castillo,329-61-2207,Isabellaview,NV,61578,(455)509-1864,1935-04-29,paulbell@example.org,Government North Life,Drama,"August 27, 2021",115,2.2,Japanese
Joseph Warren,539-94-0198,Camerontown,NV,57973,+1-079-357-2228,1945-10-28,kochkaren@example.net,Deep Theory Report,Drama,"September 07, 2021",61,2.6,English
Michael Oconnor,473-38-4595,West Daniel,NY,61300,(715)564-6663,2009-09-08,robertgardner@example.org,Improve White Day,Thriller,"February 03, 2022",68,4.0,Chinese
Walter Woods,087-10-8109,West Cynthia,TX,08220,501-525-7011x5694,1907-03-23,osbornedavid@example.net,Out Pattern Rock,Romance,"December 07, 2021",83,1.6,Japanese
Tanya Buchanan,491-45-6991,West Paul,AK,73076,(787)976-2420,1943-09-03,raymondsimpson@example.org,Safe Establish Save,Documentary,"August 21, 2020",121,3.5,Chinese
Kathryn Smith,777-02-8981,North Corey,IN,61936,391-025-0903x38102,2016-04-28,alexislam@example.com,Cover Drug Significant,Thriller,"August 23, 2021",80,3.5,Spanish
Joel Green,885-19-3652,North Caitlin,GA,49762,0145912772,2015-09-16,stevenbrown@example.org,Particularly Though Year,Drama,"June 25, 2021",115,4.8,Chinese
Kristen Zamora,622-18-8840,Smithburgh,TN,61270,603-391-2427x7793,1981-02-23,andersonemily@example.com,Capital Believe Affect,Mystery,"June 07, 2020",74,4.1,Japanese
Stephanie Murphy,338-53-3403,East Gregoryton,ME,88786,957.691.7925,1928-07-19,tracycaldwell@example.com,Heart Animal Movement,Action,"February 17, 2020",86,1.3,Chinese
Jonathan Smith,831-37-0675,South Dannybury,AL,35401,(345)041-5931x8009,1994-10-08,alyssaryan@example.com,Daughter Hope Light,Comedy,"August 01, 2021",132,3.8,English
Jonathan Greene,506-98-6607,South Robertfurt,AR,46378,914-363-2652x6632,1947-03-01,ibeasley@example.net,Same Study Community,Romance,"August 19, 2020",93,4.2,Chinese
Hannah Frank,334-31-8471,Macdonaldport,UT,02706,871-789-5739x83959,1925-06-26,lindakim@example.com,Their Point Decision,Drama,"June 29, 2021",135,3.7,Japanese
Lori Hughes DDS,842-45-6538,Jaredfort,GA,79248,001-808-058-3457x8505,1964-11-14,watsonjason@example.org,Project Movement To,Thriller,"December 15, 2020",113,3.6,Spanish
James David,150-25-5483,North Ryan,AR,46967,(191)877-7109,1974-02-16,jonathangreen@example.org,Public Across All,Action,"September 30, 2021",120,4.4,Spanish
Johnny Rowe,608-64-7440,Dunlapside,OR,20856,931.384.3226x32592,1947-10-02,zmack@example.org,Community Artist Send,Drama,"January 23, 2020",147,2.1,Japanese
Kaitlyn Mckenzie,083-26-3743,Coletown,MT,76044,930-514-2787x22055,1914-07-20,crystalmiller@example.com,Pay Easy Big,Mystery,"September 24, 2020",68,1.1,Italian
Christopher Rivera,806-93-8742,New Regina,UT,86600,941.881.6651,1920-07-01,amy59@example.net,Campaign Social Quickly,Romance,"June 27, 2022",129,1.4,Chinese
Christopher Faulkner,164-60-2245,Jasonchester,MO,15275,(020)079-0943x047,2001-02-01,canderson@example.org,Continue Through Forward,Thriller,"July 14, 2022",67,2.2,Japanese
Jason Charles,028-90-4491,Jonville,CT,72626,8553981165,2016-06-04,michellecasey@example.net,Coach Picture Range,Comedy,"February 04, 2021",131,2.1,Chinese
Jeffrey Anderson,626-65-0775,Obrienport,HI,14792,246.621.9329,1996-02-25,nguyenstephen@example.com,How Pm Office,Comedy,"January 22, 2020",147,3.7,Italian
Teresa Patterson,810-78-2439,Cisnerosberg,CT,37817,(680)295-7140,1998-09-14,anthony83@example.org,Republican Laugh Need,Drama,"February 11, 2022",72,4.9,Spanish
Nicole Huffman,790-02-2160,West Christopher,MA,39095,9219654220,2015-01-17,markfranklin@example.com,Base Claim Prepare,Drama,"January 29, 2020",141,2.5,Japanese
Yolanda Patton,150-84-3602,New Frankfort,NM,20426,466-047-1893x24533,1965-11-03,john51@example.net,Road Small Rock,Romance,"February 06, 2020",95,3.0,Hindi
Katie Walls,551-99-2700,New Jennifer,DE,78564,(150)269-6391x669,1925-01-02,robin26@example.net,Page World Senior,Comedy,"September 17, 2022",133,3.6,Hindi
Amy Brown,646-67-5618,Rowlandport,KS,07864,(112)105-6697x90440,2012-02-12,martinezmichael@example.org,Modern About Reason,Action,"November 29, 2020",136,2.7,Italian
Steven Lang,218-57-0790,Karenbury,MN,13037,+1-496-513-1961x94544,1966-03-22,asalazar@example.org,Base Certainly I,Comedy,"December 24, 2021",127,4.2,Spanish
Cindy Morgan,212-94-8083,Joyborough,DE,82885,(244)916-9367x78176,1968-01-13,ywheeler@example.com,Necessary Idea Own,Mystery,"March 22, 2021",134,3.5,Hindi
Michael Schultz,379-54-5244,West Dannyport,CT,28962,665-877-2253x337,2019-10-21,martinmichael@example.net,Owner Brother Stock,Action,"June 07, 2021",148,2.6,Spanish
Sandra Ellis,003-73-5298,Walkerburgh,AL,29964,856-997-0991x7138,1971-08-25,zperry@example.org,Provide Put Miss,Documentary,"April 16, 2022",78,1.9,Spanish
Lisa Martinez,330-52-9536,East Jennifer,OK,36311,(284)625-9812x45910,1916-08-11,justincohen@example.net,Against Exist Man,Comedy,"February 26, 2022",60,5.0,Chinese
Michael Chavez,529-12-0488,Ayalashire,MT,78294,393.077.5652x722,1907-12-17,cynthia57@example.net,Upon Throw Piece,Comedy,"January 29, 2021",59,4.3,Hindi
Christina Henderson,314-66-3664,Lake Philip,OR,58824,562.231.8594,1938-06-19,barrhaley@example.com,Carry Name Truth,Action,"November 21, 2020",91,4.0,Chinese
Brandon Harris,218-81-1766,Baileyfurt,ND,45730,(075)659-8743x29835,1983-07-28,matthewhunt@example.com,Than Actually Machine,Romance,"June 30, 2020",139,3.3,Chinese
Madeline Stewart,483-24-9407,Sheilafurt,LA,50457,+1-467-774-8247x50655,1981-02-04,ncruz@example.com,The Home Property,Romance,"December 17, 2021",100,2.7,Italian
David Walker,110-37-3630,West Ryan,VA,04577,595-516-8713x382,1995-08-12,jessewilliams@example.org,Form Carry Call,Drama,"August 05, 2020",75,1.6,Italian
Bobby Robertson,459-07-5799,North Jamesstad,SD,48613,382-956-0099x84683,1924-01-01,dixonchristopher@example.com,Single Might Anything,Comedy,"April 13, 2022",100,1.1,English
Jeremy Russell,303-76-4406,West Antonio,WI,44505,(944)454-2028x598,1987-10-11,changkaren@example.com,Surface Ago Actually,Mystery,"August 04, 2021",94,1.7,Spanish
Christopher Eaton,523-70-8885,Youngmouth,PA,38073,958-063-3605,1914-02-12,krogers@example.org,Such They Voice,Thriller,"January 07, 2021",78,1.8,English
Sandra Turner,346-63-9252,South Travis,ME,74164,+1-564-158-0221,1983-08-27,curtisjohn@example.com,Lose Hour Mention,Romance,"August 10, 2020",124,1.7,Chinese
Whitney Reilly,837-28-7156,Johnton,DE,14138,(114)654-4837x3030,1973-08-05,courtney48@example.net,Would Grow Church,Action,"May 24, 2021",98,4.9,Italian
Emily Bowman,886-99-3646,Port Anthony,MO,81140,+1-932-617-4559x5325,1921-06-21,rachel72@example.org,Air In Sister,Comedy,"June 20, 2021",78,4.0,Italian
Jennifer Evans,889-81-0279,West Donnaland,AR,73132,682-969-4574,1996-08-31,james52@example.com,Which Structure Response,Comedy,"August 10, 2021",97,2.4,Chinese
Stephanie Smith,647-12-7882,Charlesstad,MO,35195,005.927.4837,1960-03-17,jenniferevans@example.com,Agent Than Finally,Drama,"August 11, 2020",146,3.0,Chinese
Tammy Fitzpatrick,171-97-2094,Cherylstad,AK,90769,+1-392-336-6744,1919-05-02,staylor@example.net,World Million Concern,Documentary,"August 14, 2020",97,4.5,Italian
Todd Lane,249-04-4850,Carlshire,GA,91461,001-346-366-6574x2473,1978-02-05,jtodd@example.org,Loss Financial Late,Mystery,"May 07, 2021",100,3.0,English
Justin Coleman,630-08-2486,Loritown,NC,38459,3034086215,2018-02-10,jean59@example.org,Plant Room Piece,Romance,"January 10, 2021",139,4.0,Chinese
David Johnson,225-58-1833,Josephchester,WA,55501,792-346-9833,1958-02-23,jamesmurray@example.com,Style Generation Someone,Horror,"June 14, 2022",82,1.4,Spanish
Randy Petersen,116-26-9630,New Whitneyborough,ID,77586,001-328-733-7510,1987-10-29,prussell@example.com,Today Only Hit,Documentary,"October 28, 2021",121,2.3,Hindi
Brandi Carter,276-82-3783,Lyonsland,IA,88457,968-320-6316,1917-02-04,hburke@example.net,Air Available Decision,Romance,"September 25, 2020",82,4.1,Chinese
Scott Hernandez,403-64-9131,Jamesmouth,ND,64684,(144)678-9158x33490,1984-04-23,christiancrane@example.net,Long Person Despite,Comedy,"April 12, 2021",114,5.0,Italian
Joshua Owen,846-55-3173,East Kaylaburgh,IL,25616,+1-643-471-8210x3572,1960-05-08,william53@example.net,Let Want Wear,Mystery,"March 11, 2020",135,2.6,Spanish
Roberto Chang,256-45-9002,Wadeton,HI,13911,001-825-438-6498,1979-11-16,sarah41@example.org,Form Need Structure,Action,"May 08, 2021",130,4.5,Italian
Tracy Harmon,365-98-3990,Lisamouth,WY,55271,199-661-0698x599,1915-01-12,zjones@example.com,Travel Letter Book,Horror,"September 26, 2021",97,4.6,Chinese
Guy Hanna,240-98-3493,Stephensonview,AL,29554,628.640.9977,1987-09-14,jessica71@example.org,Similar Yeah Memory,Documentary,"July 25, 2020",77,3.0,Italian
Sheila Buchanan,109-26-8721,Port Alejandro,NM,06930,393.804.1964x6375,1963-04-19,ryanjack@example.org,Light Child Arrive,Drama,"February 24, 2020",81,5.0,English
Richard Christensen,018-93-9860,Lake Jeffreyborough,CO,32960,(351)722-1137x4355,1916-03-13,graychelsea@example.net,Spring Not Although,Documentary,"July 07, 2020",55,3.8,Japanese
Jacob Coleman,558-09-2259,Hillmouth,NV,52179,335-282-9028,1996-04-20,caitlin56@example.org,Security There Type,Horror,"January 03, 2020",125,1.2,Chinese
Mrs. Jennifer Richard,838-96-6224,East Maryville,AZ,65042,+1-472-685-6375,1944-08-03,raymond76@example.org,Senior Near Not,Drama,"February 06, 2020",92,1.2,Chinese
Stephanie Jones,504-81-2570,Wheelerberg,PA,75040,2082566720,1999-08-05,lmacias@example.org,Leader Benefit Prove,Horror,"November 24, 2021",77,1.5,Hindi
William Palmer,662-81-0262,South Angelashire,WA,20142,860.190.7291,2022-04-27,watkinsallison@example.com,But Grow Next,Documentary,"August 25, 2020",118,2.7,Chinese
Ann Rivera,537-05-7732,Port Jeremyfurt,LA,86927,001-041-824-6931x2091,2007-06-04,joliver@example.org,Fear Director Feel,Horror,"August 09, 2020",140,4.2,English
Evan Cox,282-79-6710,Richardsonfurt,NV,74194,8330296342,1927-08-07,hartchristopher@example.com,Focus Information Human,Drama,"March 15, 2022",79,3.1,Japanese
Amanda Garcia,593-82-0152,Lake Chase,RI,85210,252-092-9187x552,2016-12-03,yrussell@example.net,Recognize May Air,Horror,"June 30, 2020",137,3.2,Hindi
Nancy Jackson,486-68-1014,North Lindsayside,MT,66643,431.010.9596,2014-09-30,kathleenmiller@example.com,Old Happen Information,Documentary,"May 31, 2021",63,2.4,Spanish
Steven Davis,506-05-6048,Hebertberg,OH,58257,758.945.6591,1964-05-20,cindy35@example.org,Produce Establish Record,Documentary,"April 30, 2022",139,2.5,English
Judy Hammond,691-19-4743,Anthonyshire,ME,42721,562.296.4823x89820,1983-10-31,thompsondavid@example.org,Interview Life Major,Horror,"April 20, 2020",133,2.3,Chinese
Maria Payne,390-64-9680,Javiermouth,DC,66520,001-094-990-4389x8979,1978-02-03,manuel25@example.net,Much Everybody Laugh,Romance,"December 15, 2021",69,3.8,Spanish
Brian King,563-41-4526,Port David,ME,75864,(182)291-0005x4569,1948-09-24,danacunningham@example.org,Lose Side Must,Romance,"July 12, 2021",106,2.8,Japanese
Lindsey Andrews,466-21-1561,North Robert,MN,26808,(292)788-5680,1979-11-17,vmason@example.net,Past Stay Rock,Romance,"September 30, 2020",85,1.2,English
Sarah Snyder,021-39-4684,South Brian,NV,67418,577-092-0699x8021,1913-12-13,john06@example.org,Exactly Off Car,Action,"September 26, 2022",144,3.9,Chinese
George Jackson,880-81-2559,Mariaside,SC,55328,120-601-2819,1928-03-09,allenangela@example.net,Time Probably Fear,Mystery,"January 09, 2022",69,3.4,Japanese
Lindsay Mccarty,723-35-3568,East Andrew,ID,20949,001-650-835-6990x048,1977-05-18,qbaker@example.org,Radio Remain Visit,Action,"August 10, 2021",102,2.8,English
Ryan Gross,715-14-2169,Andersenfort,IA,55118,+1-390-067-2542,1998-10-28,bglass@example.net,Ten Late Science,Comedy,"November 17, 2021",104,1.2,Spanish
Angela Williams,376-52-3249,Alyssafurt,MA,44418,3238323960,1953-01-23,martintyler@example.com,Ball Matter Possible,Horror,"January 07, 2021",92,2.4,Chinese
Sean Vega,007-66-2763,Roblesfurt,MN,35586,+1-325-132-3220,1927-09-10,ajohnson@example.org,Fear Southern Whether,Romance,"March 02, 2021",126,1.9,Japanese
Charles Haley,573-46-4891,Port Wesley,NV,99332,001-787-640-8898,1953-04-10,rebecca71@example.net,Film Who Join,Action,"October 03, 2022",148,2.0,Italian
Charles Bolton,461-76-8443,Thomasmouth,SD,73336,+1-294-953-8846x71561,2000-07-18,uhurley@example.com,Poor Reflect Suggest,Horror,"November 22, 2021",116,3.6,Hindi
Douglas Martinez,409-58-4208,Faithport,CA,07095,(798)102-8221x6095,2021-01-01,ztorres@example.com,Season Behind Others,Action,"April 28, 2022",76,1.1,Spanish
Jimmy Oconnell,420-80-1435,Leeberg,KY,58602,744-487-1786x335,1915-06-28,jphillips@example.net,Daughter Enter Spring,Documentary,"April 06, 2022",139,1.2,Italian
Mark Moreno,337-47-8083,East Lisa,CA,60893,8899768214,1970-03-21,rossjennifer@example.org,Side Use All,Thriller,"June 11, 2022",109,1.8,Hindi
Joshua Mclaughlin,878-64-7235,Wilsonville,CT,49127,788.088.0246,2017-10-28,dixonchristopher@example.org,In Himself Truth,Romance,"August 06, 2020",148,4.1,Hindi
Crystal Patel,100-60-9271,South Lisachester,HI,56462,001-814-880-9922x7040,1970-10-26,sanchezjeff@example.org,Realize Happy Bag,Mystery,"May 06, 2021",130,3.0,Chinese
April Bush,180-44-5239,Aaronton,UT,44389,(213)931-1274x58558,2004-04-14,rjensen@example.net,Move To Season,Romance,"February 25, 2021",86,1.3,Italian
Jessica Martin,021-70-0764,Lake Stevenfurt,CO,80509,+1-184-474-7813x6484,1929-08-13,caitlin24@example.com,Able Down Easy,Documentary,"October 09, 2021",122,1.1,Japanese
Jeffrey Wise,372-51-8613,Roberthaven,ID,66586,001-228-811-0997x4334,1927-03-27,qbennett@example.com,Open Program Look,Mystery,"June 28, 2021",72,3.0,Chinese
Amanda Taylor,400-38-7325,Cartermouth,AK,02556,606.849.1156,1987-08-21,harias@example.com,Necessary Body Nearly,Horror,"January 20, 2020",126,1.8,Spanish
Luke Smith,268-02-2219,Whitakerside,WA,17561,+1-917-724-9069x2767,1995-06-17,denisedaniels@example.net,Real Oil Economic,Documentary,"July 25, 2020",139,2.5,English
Allen Owens,872-89-7038,North Rebecca,OH,78012,7493630652,1932-08-06,allenjeffrey@example.com,Chair Interesting Four,Drama,"August 04, 2022",53,2.0,Spanish
Amy Jones,149-28-7928,New Heather,DE,78455,+1-611-379-1797,2007-08-07,vanessa37@example.org,Truth Body Bar,Documentary,"January 19, 2021",96,1.4,Japanese
Sara Graves,457-61-1368,West Ronald,DC,55760,001-806-305-3847x34087,1963-11-06,elara@example.net,Discuss Suddenly Suffer,Horror,"July 01, 2021",84,2.4,Italian
Ryan Cantrell,683-68-7305,Ivanfurt,MS,63303,563-608-9113x8186,2006-05-27,matthewobrien@example.com,Summer Scientist Star,Drama,"February 04, 2022",94,1.4,Italian
Jane Johnson,868-56-9541,South Brandonchester,AZ,08902,+1-753-267-5083x58910,2000-11-22,perezedward@example.com,Hospital Sense Represent,Drama,"May 06, 2022",65,1.3,English
Mark Bates,134-58-1251,Gravesmouth,IA,30648,275-504-4029,2004-09-24,angela69@example.net,Woman Check City,Horror,"March 18, 2021",57,3.1,Japanese
Martin Brown,125-79-9906,Amandafurt,DC,51179,+1-639-665-2483x94123,1945-03-21,scottelizabeth@example.net,Partner Couple High,Romance,"March 18, 2022",75,1.7,Spanish
Paul Barnes,654-84-6237,North Catherine,CT,40182,292.396.2376,1991-01-03,vlopez@example.com,Letter Hour Behind,Thriller,"January 03, 2022",61,3.2,English
Melissa Sherman,829-06-9744,West Jessicaville,RI,61629,(404)346-2322,2018-12-15,lalexander@example.com,Billion Try Three,Horror,"June 20, 2020",105,5.0,Spanish
Eric Patel,658-52-9275,South Tonya,MI,17924,001-519-880-4130x90143,1966-12-22,bscott@example.net,Hundred Leg Form,Mystery,"January 07, 2022",67,1.9,Chinese
David Adams,301-71-5275,Michaelville,OH,50059,840.671.6043,1980-04-09,charleshart@example.net,Modern Us Fight,Comedy,"December 07, 2021",79,2.1,Italian
Maxwell Jackson,661-02-1319,Keithton,MD,92208,823-386-6987,1968-09-20,timothywilson@example.org,Foreign Husband Tree,Comedy,"February 22, 2022",144,1.5,Hindi
Kenneth Paul,399-79-2214,East Anthony,AR,56149,001-070-860-6148x668,2018-12-31,yrusso@example.net,Scene Person Year,Horror,"October 12, 2020",93,1.8,Chinese
Rebecca Sharp,371-99-2641,North Williambury,NJ,30330,294.409.0888,1936-07-12,monicajenkins@example.org,Green History Buy,Action,"February 18, 2021",58,3.9,Japanese
Brandon Fowler,771-82-1300,Hoganview,RI,74442,(820)550-3029x89960,1995-06-30,andre50@example.org,Carry Much Mention,Comedy,"February 05, 2021",92,3.4,Japanese
Brittany Washington,194-01-0231,New Paulmouth,ND,82543,(957)329-1491,2009-06-22,garciajessica@example.com,Skin Bit Animal,Action,"April 30, 2021",86,1.1,Spanish
Michael Vaughn,522-72-3122,Danaborough,WI,87822,(984)092-0100x9019,1934-08-20,lhahn@example.com,Central Million Far,Drama,"September 25, 2020",119,4.5,Hindi
